,Page Views,Session Duration,Bounce Rate,Time on Page,Previous Visits,Conversion Rate
Page Views,1.0,-0.012788076660830799,0.030222692610979325,0.023941385705303107,0.028595232903163032,0.12663537260128005
Session Duration,-0.012788076660830799,1.0,-0.015931412010136654,-0.013985346181566632,-0.025534207561026628,0.1777980252792824
Bounce Rate,0.030222692610979325,-0.015931412010136654,1.0,0.039339783029002075,-0.015860024207605346,-0.04905103837542471
Time on Page,0.023941385705303107,-0.013985346181566632,0.039339783029002075,1.0,-0.0287293223907371,0.22966875782746535
Previous Visits,0.028595232903163032,-0.025534207561026628,-0.015860024207605346,-0.0287293223907371,1.0,0.10949602042281101
Conversion Rate,0.12663537260128005,0.1777980252792824,-0.04905103837542471,0.22966875782746535,0.10949602042281101,1.0
